{
    "0": 0.2060746140111133,
    "1": 0.12356807167648964,
    "2": 0.1158528709998521,
    "3": 0.11140173664102164,
    "4": 0.1091297230566554,
    "5": 0.10636958394132917,
    "6": 0.10427575670849637,
    "7": 0.1030919228863838,
    "8": 0.1012049910548093,
    "9": 0.10007737818962473,
    "10": 0.09908314173102684,
    "11": 0.0982435180631745,
    "12": 0.09857045660924424,
    "13": 0.0975205220301133,
    "14": 0.09763729499886407,
    "15": 0.09724796168944415,
    "16": 0.09665601917773561,
    "17": 0.09587269947123345,
    "18": 0.09573593491788411,
    "19": 0.09573574068829836,
    "20": 0.0956610792204547,
    "21": 0.09451971111623832,
    "22": 0.09373471767777372,
    "23": 0.09448644717026244,
    "24": 0.09366522456907556,
    "25": 0.09431778755791657,
    "26": 0.09420778892000618,
    "27": 0.09341999861742835,
    "28": 0.0933908624455447,
    "29": 0.09329584947861064,
    "30": 0.09279219823343979,
    "31": 0.09313864817323587,
    "32": 0.09211791302923046,
    "33": 0.09182777642593969,
    "34": 0.09194122155761475,
    "35": 0.09239253864797485,
    "36": 0.0926961131832179,
    "37": 0.09182009179040294,
    "38": 0.0917358904924539,
    "39": 0.0910093971454274,
    "40": 0.09132548833213498,
    "41": 0.09129531471930502,
    "42": 0.09193096231773991,
    "43": 0.09115600012376181,
    "44": 0.09093067160500284,
    "45": 0.09077586302214571,
    "46": 0.09148704900842189,
    "47": 0.09125319165189552,
    "48": 0.0910396605272732,
    "49": 0.09093331564646548,
    "50": 0.09133498620270464,
    "51": 0.0914064842797911,
    "52": 0.0903375204414358,
    "53": 0.09130488305597964,
    "54": 0.09019525474904443,
    "55": 0.09039822344661064,
    "56": 0.09056883823612462,
    "57": 0.09055393665571652,
    "58": 0.08977798580208703,
    "59": 0.09015325138635953,
    "60": 0.09014308803221759,
    "61": 0.08998437450669916,
    "62": 0.09004015467889473,
    "63": 0.09000242777797572,
    "64": 0.08984479351955302,
    "65": 0.08949754364274042,
    "66": 0.0901191214771222,
    "67": 0.08964624804685183,
    "68": 0.09001166413507193,
    "69": 0.08983053486136829,
    "70": 0.08958385031089149,
    "71": 0.08937480826588239,
    "72": 0.0888689549454033,
    "73": 0.09010487853947198,
    "74": 0.08936017812670344,
    "75": 0.08802270071814432,
    "76": 0.0892897134889727,
    "77": 0.08862944865775535,
    "78": 0.0895571408941008,
    "79": 0.08922283795407361,
    "80": 0.08934675904033738,
    "81": 0.08928618204715612,
    "82": 0.08941740489295681,
    "83": 0.08862466942471312,
    "84": 0.08930232926555302,
    "85": 0.08924472522552666,
    "86": 0.08822468111810781,
    "87": 0.08921544636835528,
    "88": 0.08948401211167845,
    "89": 0.08900128148705758,
    "90": 0.08918276404404579,
    "91": 0.0891680533395094,
    "92": 0.08865386163792037,
    "93": 0.0889032918702611,
    "94": 0.08844375564619099,
    "95": 0.08918303155990513,
    "96": 0.08856270942465423,
    "97": 0.08894319348323071,
    "98": 0.08854196247313638,
    "99": 0.08851150817730848,
    "100": 0.08874800845104105,
    "101": 0.08841893551370981,
    "102": 0.08810418895672044,
    "103": 0.08815288396976183,
    "104": 0.08898160877206442,
    "105": 0.08900664298964278,
    "106": 0.08785320837479418,
    "107": 0.08823147926793988,
    "108": 0.08855952675004139,
    "109": 0.08868290764062911,
    "110": 0.08813239203389649,
    "111": 0.0882791641270718,
    "112": 0.08855896441223067,
    "113": 0.08861901035622867,
    "114": 0.08839596440191463,
    "115": 0.08848612618339641,
    "116": 0.08861798286209326,
    "117": 0.08849389635769607,
    "118": 0.08765549525199338,
    "119": 0.08829952858369369,
    "120": 0.0881523811603751,
    "121": 0.0888462758353909,
    "122": 0.08877502313202909,
    "123": 0.08856482060669023,
    "124": 0.08852183028026615,
    "125": 0.0875328687755653,
    "126": 0.08842026474683182,
    "127": 0.08800566337450082,
    "128": 0.08814574783796544,
    "129": 0.08804548270714557,
    "130": 0.08756902247972195,
    "131": 0.08729359015936741,
    "132": 0.08751440816142066,
    "133": 0.08694735001725004,
    "134": 0.0882082674699976,
    "135": 0.08790770942902626,
    "136": 0.08778365821484714,
    "137": 0.08783515070176795,
    "138": 0.08733205937439828,
    "139": 0.08798074463139409,
    "140": 0.08721368026245585,
    "141": 0.08713165354317107,
    "142": 0.08801510226924705,
    "143": 0.08782379292999692,
    "144": 0.08784729663444601,
    "145": 0.08750256774065744,
    "146": 0.08748347418921074,
    "147": 0.08751791284974579,
    "148": 0.08723921648910284,
    "149": 0.0875090270510415,
    "150": 0.08767042947394768,
    "151": 0.08774308185748127,
    "152": 0.08675325612354157,
    "153": 0.08809110857641606,
    "154": 0.08699061239466947,
    "155": 0.08746365840782595,
    "156": 0.08760937228989418,
    "157": 0.08755227629943273,
    "158": 0.0872862981370343,
    "159": 0.08705138439869942,
    "160": 0.08705451232774178,
    "161": 0.08679501190209937,
    "162": 0.08701806069563722,
    "163": 0.08700636604710309,
    "164": 0.08718437549022152,
    "165": 0.08673065954157154,
    "166": 0.08779369064075562,
    "167": 0.08700369797704165,
    "168": 0.08697346980919314,
    "169": 0.08729778935232431,
    "170": 0.0871504739955868,
    "171": 0.08707140593806191,
    "172": 0.08674736521051973,
    "173": 0.0873596869085146,
    "174": 0.0881758236023776,
    "175": 0.08663658113659495,
    "176": 0.08715288996544031,
    "177": 0.0871131251497037,
    "178": 0.08753617185994488,
    "179": 0.08654312393092134,
    "180": 0.08694365180438132,
    "181": 0.08771230650070073,
    "182": 0.08740943822714374,
    "183": 0.08658438475083208,
    "184": 0.08743627013071724,
    "185": 0.08685997843056384,
    "186": 0.08791284345071335,
    "187": 0.08657965959642855,
    "188": 0.08636997946921517,
    "189": 0.08595987618960382,
    "190": 0.08743064416110363,
    "191": 0.0873384873008789,
    "192": 0.08702713841824886,
    "193": 0.08674449092515595,
    "194": 0.08676986335336095,
    "195": 0.08653445229353503,
    "196": 0.08668607195167591,
    "197": 0.08734561872604253,
    "198": 0.0873426772901774,
    "199": 0.08695980342452789,
    "200": 0.08687012271045724,
    "201": 0.087121943340582,
    "202": 0.08658190275473363,
    "203": 0.0866989367986884,
    "204": 0.08689304142047072,
    "205": 0.0869773201587255,
    "206": 0.08686588045276339,
    "207": 0.08679151455002368,
    "208": 0.08668746166598157,
    "209": 0.08711471536275371,
    "210": 0.08663124326244949,
    "211": 0.08627581985100456,
    "212": 0.0865178125555558,
    "213": 0.0869250674839215,
    "214": 0.0864748050794577,
    "215": 0.08650954397361907,
    "216": 0.08618214387265617,
    "217": 0.08632443004938038,
    "218": 0.08688164706272847,
    "219": 0.08691568499254754,
    "220": 0.08635125000534764,
    "221": 0.08628958667559392,
    "222": 0.0859729875155422,
    "223": 0.08604385189311889,
    "224": 0.08637743506132795,
    "225": 0.0862291583700863,
    "226": 0.08619355059721891,
    "227": 0.08613182383272654,
    "228": 0.0867874140439131,
    "229": 0.08591000792925316,
    "230": 0.08604180787111182,
    "231": 0.08625818821399109,
    "232": 0.08645010476603228,
    "233": 0.08606978749756312,
    "234": 0.08627463265529374,
    "235": 0.0861045480955897,
    "236": 0.08542121159832192,
    "237": 0.08641307010217701,
    "238": 0.08690704759734366,
    "239": 0.08670194706191188,
    "240": 0.08634577116088184,
    "241": 0.08623549094437943,
    "242": 0.08594951005009434,
    "243": 0.08557967723483015,
    "244": 0.08584751933813095,
    "245": 0.08615430901803629,
    "246": 0.08580275684061563,
    "247": 0.08582825594774597,
    "248": 0.08635665217171544,
    "249": 0.08649729367564707,
    "250": 0.0858770936841855,
    "251": 0.08640533018752437,
    "252": 0.0863256644448051,
    "253": 0.08564911146298089,