{
    "0": 0.1308819687332186,
    "1": 0.045014955117688764,
    "2": 0.040821255539613,
    "3": 0.039576848683035584,
    "4": 0.037328297920201134,
    "5": 0.03627433516370976,
    "6": 0.036219230955442806,
    "7": 0.03613791226521325,
    "8": 0.035424168509862304,
    "9": 0.03496034048935946,
    "10": 0.02007684395041155,
    "11": 0.01973639105630043,
    "12": 0.019739151479738294,
    "13": 0.019602970734638785,
    "14": 0.01945676266565881,
    "15": 0.01945271183643728,
    "16": 0.019387902036938062,
    "17": 0.019142284362917514,
    "18": 0.0190694683405292,
    "19": 0.018922766596745806,
    "20": 0.0188249871158577,
    "21": 0.0187488159526835,
    "22": 0.018778567731170856,
    "23": 0.01870580412247373,
    "24": 0.019381015423370902,
    "25": 0.018983070943456935,
    "26": 0.01841754979118133,
    "27": 0.018596294290764863,
    "28": 0.018582381548650582,
    "29": 0.01809164801198046,
    "30": 0.018625338568978602,
    "31": 0.018454106853288764,
    "32": 0.018465939232760378,
    "33": 0.01885595992016975,
    "34": 0.01825138564219179,
    "35": 0.018625456163340517,
    "36": 0.01798335056218421,
    "37": 0.018317560424737613,
    "38": 0.01812623683934855,
    "39": 0.018122677017203378,
    "40": 0.018213665087843108,
    "41": 0.0180933400416923,
    "42": 0.01819912491418669,
    "43": 0.018461184299853453,
    "44": 0.017876667375473873,
    "45": 0.018447522969578235,
    "46": 0.018254612327155556,
    "47": 0.018352106799516838,
    "48": 0.017896422556580027,
    "49": 0.01786735846334711,
    "50": 0.018005605748928417,
    "51": 0.017989885924226793,
    "52": 0.018055676513582544,
    "53": 0.017903701256951104,
    "54": 0.017739997726514974,
    "55": 0.01782098950108375,
    "56": 0.01770667374477057,
    "57": 0.0180714242970166,
    "58": 0.017755535919495555,
    "59": 0.01773322300980692,
    "60": 0.01789202363185032,
    "61": 0.0182186043047158,
    "62": 0.017494782907864475,
    "63": 0.017586443134967017,
    "64": 0.017509535078883476,
    "65": 0.01789693030602563,
    "66": 0.0178105385254716,
    "67": 0.017775556911021242,
    "68": 0.017458837419805473,
    "69": 0.017743642875434035,
    "70": 0.01756747722235101,
    "71": 0.017574165557103845,
    "72": 0.017757798054391313,
    "73": 0.017665223618659673,
    "74": 0.017519318560600433,
    "75": 0.01771036283734738,
    "76": 0.01766196937035874,
    "77": 0.017890652589252234,
    "78": 0.01764606973370704,
    "79": 0.017550841052456738,
    "80": 0.01776561349668466,
    "81": 0.017472618871637622,
    "82": 0.017307457949994776,
    "83": 0.017525007324221797,
    "84": 0.01745990626847424,
    "85": 0.01778541924312825,
    "86": 0.017558404306411896,
    "87": 0.017361499638299045,
    "88": 0.01748953820646876,
    "89": 0.01745355247145952,
    "90": 0.01746312010071009,
    "91": 0.017377139216817706,
    "92": 0.0174112477556557,
    "93": 0.01787513882026572,
    "94": 0.017261494882404804,
    "95": 0.017725659389039288,
    "96": 0.017439203343980605,
    "97": 0.017153258311569386,
    "98": 0.01751424048019721,
    "99": 0.017415473980786245,
    "100": 0.01713690159323118,
    "101": 0.01717091469175142,
    "102": 0.017344710938727765,
    "103": 0.017207028444313332,
    "104": 0.017304408745101803,
    "105": 0.01711030330870996,
    "106": 0.01753780734784844,
    "107": 0.017164909871547576,
    "108": 0.017237973611449343,
    "109": 0.017627900933175136,
    "110": 0.017349343811211837,
    "111": 0.01725141342986575,
    "112": 0.01744380414895618,
    "113": 0.017536467124643684,
    "114": 0.017573220462388243,
    "115": 0.017391380056014757,
    "116": 0.017511926546140248,
    "117": 0.01723198502150643,
    "118": 0.016847970264265908,
    "119": 0.01745563471342063,
    "120": 0.01748533249663575,
    "121": 0.01726212255332781,
    "122": 0.017289801958062307,
    "123": 0.017063900714030352,
    "124": 0.016963533147254867,
    "125": 0.01719091534424011,
    "126": 0.017600837299395402,
    "127": 0.017641506767581642,
    "128": 0.017441185579523254,
    "129": 0.017200474805958436,
    "130": 0.01764288445329651,
    "131": 0.017179754681770912,
    "132": 0.01725953673500844,
    "133": 0.016979159603891014,
    "134": 0.017194381471999618,
    "135": 0.017454723172518602,
    "136": 0.017517401302076133,
    "137": 0.01751918765618597,
    "138": 0.017136313216498746,
    "139": 0.016988362924045767,
    "140": 0.017364838946601163,
    "141": 0.016935274643285196,
    "142": 0.017312220173895054,
    "143": 0.017214506924095208,
    "144": 0.016887132249905935,
    "145": 0.01713532849174479,
    "146": 0.017313223860948287,
    "147": 0.017156232801049262,
    "148": 0.01774571168110194,
    "149": 0.01704228957376593,
    "150": 0.017310811374622308,
    "151": 0.01745792978998188,
    "152": 0.0174964117243543,
    "153": 0.017162207242511118,
    "154": 0.016870967803232353,
    "155": 0.016832269728183746,
    "156": 0.01693101716049187,
    "157": 0.016777936619280093,
    "158": 0.017310518990544713,
    "159": 0.0168187427179664,
    "160": 0.017639121736216422,
    "161": 0.017328005598481657,
    "162": 0.01739835072680355,
    "163": 0.01685359381148806,
    "164": 0.01695358194410801,
    "165": 0.017204442559300787,
    "166": 0.017083997085519,
    "167": 0.01701928613245335,
    "168": 0.01708696337650194,
    "169": 0.01729202051611279,
    "170": 0.017065820634326972,
    "171": 0.017275063561566193,
    "172": 0.01771661046835239,
    "173": 0.017155998661552017,
    "174": 0.016991409368317605,
    "175": 0.016992540220203606,
    "176": 0.017311170268470368,
    "177": 0.017257158773119948,
    "178": 0.017204338155896462,
    "179": 0.017294064016483934,
    "180": 0.016778094451064648,
    "181": 0.017203256211546072,
    "182": 0.016991746666676858,
    "183": 0.01674874290309446,
    "184": 0.016953006453450072,
    "185": 0.01669655943913457,
    "186": 0.01703677078246918,
    "187": 0.017003707528171486,
    "188": 0.016766818704755257,
    "189": 0.016730079098659402,
    "190": 0.016931472289021057,
    "191": 0.016978728225278426,
    "192": 0.016935093275954962,
    "193": 0.01703786703726977,
    "194": 0.01675783386191977,
    "195": 0.017266661388432736,
    "196": 0.017163589904013343,
    "197": 0.017359385597984046,
    "198": 0.017274889025522773,
    "199": 0.01699033186382726,
    "200": 0.016590140042993265,
    "201": 0.016951057657389842,
    "202": 0.016972435585906744,
    "203": 0.01690524694798014,
    "204": 0.017025985827674266,
    "205": 0.017089907482476033,
    "206": 0.0171367858996248,
    "207": 0.016960902575432035,
    "208": 0.01685471875388223,
    "209": 0.01702941043059463,
    "210": 0.017161697773334317,
    "211": 0.01683794404082286,
    "212": 0.01661401092791763,
    "213": 0.017440861817496968,
    "214": 0.016966930153491475,
    "215": 0.0168392270627191,
    "216": 0.016885075546667704,
    "217": 0.01677360474501196,
    "218": 0.01687716626945664,
    "219": 0.016812582083446596,
    "220": 0.017183987661967496,
    "221": 0.016710305557874464,
    "222": 0.0172895053056214,
    "223": 0.016910556808609485,
    "224": 0.01699747696823781,
    "225": 0.016963911790619877,
    "226": 0.016930127206742,
    "227": 0.016914292791253314,
    "228": 0.01703177199548925,
    "229": 0.01718135120447182,
    "230": 0.0169571331294868,
    "231": 0.016967599537423658,
    "232": 0.01674417715491084,
    "233": 0.016831634051697637,
    "234": 0.01721910936543551,
    "235": 0.017035266721521117,
    "236": 0.016948628715713464,
    "237": 0.01702232655052029,
    "238": 0.016609119889719408,
    "239": 0.016914184755452758,
    "240": 0.01712150609982974,
    "241": 0.016872097568972337,
    "242": 0.016524231618703783,
    "243": 0.01693992926250867,
    "244": 0.016664646642134927,
    "245": 0.016609053980187534,
    "246": 0.01693188584864597,
    "247": 0.017175008828663612,
    "248": 0.017124533839047412,